{
  "game": "stryktipset",
  "draw_number": 4947,
  "strategy": "balans",
  "rows": 1470,
  "median_ev": 1.0764304999999998,
  "odds_min": 26395,
  "odds_max": 504562,
  "spikes": [
    {
      "index": 1,
      "home": "Southampton",
      "away": "Arsenal",
      "decision": "HALV X2",
      "system_pct": {
        "1": 0.0,
        "X": 0.004081632653061225,
        "2": 0.9959183673469387
      },
      "ev": {
        "1": 0.6351251840942562,
        "X": 1.0006064281382654,
        "2": 1.0738831615120277
      },
      "odds": {
        "1": 11.0,
        "X": 5.75,
        "2": 1.32
      },
      "folk": {
        "1": 0.14,
        "X": 0.17,
        "2": 0.69
      },
      "reasoning": "Half-system suitable, favor 2"
    },
    {
      "index": 2,
      "home": "Chelsea",
      "away": "Port Vale",
      "decision": "SPIK 1",
      "system_pct": {
        "1": 1.0,
        "X": 0.0,
        "2": 0.0
      },
      "ev": {
        "1": 1.0763953554196752,
        "X": 0.7648293560579646,
        "2": 0.34110856298055564
      },
      "odds": {
        "1": 1.07,
        "X": 16.0,
        "2": 41.0
      },
      "folk": {
        "1": 0.85,
        "X": 0.08,
        "2": 0.07
      },
      "reasoning": "Half-system suitable, favor 1"
    },
    {
      "index": 13,
      "home": "Ajax",
      "away": "Twente",
      "decision": "SPIK 2",
      "system_pct": {
        "1": 0.0,
        "X": 0.0,
        "2": 1.0
      },
      "ev": {
        "1": 0.7825235349479432,
        "X": 1.030760867527696,
        "2": 1.4889650436166642
      },
      "odds": {
        "1": 2.33,
        "X": 3.75,
        "2": 2.95
      },
      "folk": {
        "1": 0.53,
        "X": 0.25,
        "2": 0.22
      },
      "reasoning": "Half-system suitable, favor 2"
    }
  ],
  "heavy": [],
  "open_matches": [
    {
      "index": 3,
      "home": "Atlético Madrid",
      "away": "Barcelona",
      "decision": "HEL",
      "system_pct": {
        "1": 0.3217687074829932,
        "X": 0.22925170068027212,
        "2": 0.4489795918367347
      },
      "ev": {
        "1": 1.045230210926535,
        "X": 0.9690046311087157,
        "2": 0.9887600772067527
      },
      "odds": {
        "1": 3.2,
        "X": 3.85,
        "2": 2.18
      },
      "folk": {
        "1": 0.29,
        "X": 0.26,
        "2": 0.45
      },
      "reasoning": "Full system recommended - no clear favorite"
    },
    {
      "index": 4,
      "home": "Mallorca",
      "away": "Real Madrid",
      "decision": "HEL",
      "system_pct": {
        "1": 0.01292517006802721,
        "X": 0.21224489795918366,
        "2": 0.7748299319727892
      },
      "ev": {
        "1": 1.0597082953509573,
        "X": 1.1340737897615507,
        "2": 0.9478329327919118
      },
      "odds": {
        "1": 6.1,
        "X": 4.5,
        "2": 1.55
      },
      "folk": {
        "1": 0.15,
        "X": 0.19,
        "2": 0.66
      },
      "reasoning": "Half-system suitable, favor X"
    },
    {
      "index": 5,
      "home": "Real Betis",
      "away": "Espanyol",
      "decision": "SPIK 2",
      "system_pct": {
        "1": 0.0,
        "X": 0.3,
        "2": 0.7
      },
      "ev": {
        "1": 0.8361997390582372,
        "X": 1.0846358934161195,
        "2": 1.7250326177203177
      },
      "odds": {
        "1": 1.79,
        "X": 3.9,
        "2": 4.7
      },
      "folk": {
        "1": 0.65,
        "X": 0.23,
        "2": 0.12
      },
      "reasoning": "Half-system suitable, favor 2"
    },
    {
      "index": 6,
      "home": "Lazio",
      "away": "Parma",
      "decision": "HEL",
      "system_pct": {
        "1": 0.5142857142857142,
        "X": 0.4673469387755102,
        "2": 0.018367346938775512
      },
      "ev": {
        "1": 0.8731358865176431,
        "X": 1.2216199889248738,
        "2": 1.1650906985719798
      },
      "odds": {
        "1": 1.82,
        "X": 3.45,
        "2": 5.2
      },
      "folk": {
        "1": 0.61,
        "X": 0.23,
        "2": 0.16
      },
      "reasoning": "Half-system suitable, favor X"
    },
    {
      "index": 7,
      "home": "Verona",
      "away": "Fiorentina",
      "decision": "HEL",
      "system_pct": {
        "1": 0.13945578231292516,
        "X": 0.27755102040816326,
        "2": 0.5829931972789115
      },
      "ev": {
        "1": 1.0397581186334608,
        "X": 0.9578067398249123,
        "2": 1.0071209374518657
      },
      "odds": {
        "1": 4.25,
        "X": 3.5,
        "2": 1.97
      },
      "folk": {
        "1": 0.22,
        "X": 0.29,
        "2": 0.49
      },
      "reasoning": "Full system recommended - no clear favorite"
    },
    {
      "index": 8,
      "home": "Stuttgart",
      "away": "Dortmund",
      "decision": "SPIK 1",
      "system_pct": {
        "1": 0.46258503401360546,
        "X": 0.23401360544217686,
        "2": 0.3034013605442177
      },
      "ev": {
        "1": 0.9209722731159156,
        "X": 0.9989006962257239,
        "2": 1.1194576768046904
      },
      "odds": {
        "1": 2.35,
        "X": 3.9,
        "2": 2.9
      },
      "folk": {
        "1": 0.45,
        "X": 0.25,
        "2": 0.3
      },
      "reasoning": "Half-system suitable, favor 2"
    },
    {
      "index": 9,
      "home": "Strasbourg",
      "away": "Nice",
      "decision": "SPIK 1",
      "system_pct": {
        "1": 0.38571428571428573,
        "X": 0.3489795918367347,
        "2": 0.2653061224489796
      },
      "ev": {
        "1": 0.8094643202008499,
        "X": 1.1837669862003581,
        "2": 1.5822435579098386
      },
      "odds": {
        "1": 1.86,
        "X": 3.7,
        "2": 4.35
      },
      "folk": {
        "1": 0.64,
        "X": 0.22,
        "2": 0.14
      },
      "reasoning": "Half-system suitable, favor 2"
    },
    {
      "index": 10,
      "home": "Brest",
      "away": "Rennes",
      "decision": "SPIK 2",
      "system_pct": {
        "1": 0.17551020408163265,
        "X": 0.2571428571428571,
        "2": 0.5673469387755102
      },
      "ev": {
        "1": 0.8995619524405506,
        "X": 0.9491929567131328,
        "2": 1.1321161587119035
      },
      "odds": {
        "1": 3.15,
        "X": 3.5,
        "2": 2.3
      },
      "folk": {
        "1": 0.34,
        "X": 0.29,
        "2": 0.37
      },
      "reasoning": "Half-system suitable, favor 2"
    },
    {
      "index": 11,
      "home": "Lille",
      "away": "Lens",
      "decision": "SPIK X",
      "system_pct": {
        "1": 0.38231292517006804,
        "X": 0.42108843537414964,
        "2": 0.19659863945578232
      },
      "ev": {
        "1": 0.9411759984066232,
        "X": 1.1083400936460084,
        "2": 0.9850655322098709
      },
      "odds": {
        "1": 2.63,
        "X": 3.35,
        "2": 2.8
      },
      "folk": {
        "1": 0.39,
        "X": 0.26,
        "2": 0.35
      },
      "reasoning": "Half-system suitable, favor X"
    },
    {
      "index": 12,
      "home": "OH Leuven",
      "away": "Standard Liege",
      "decision": "HEL",
      "system_pct": {
        "1": 0.6047619047619047,
        "X": 0.3231292517006803,
        "2": 0.07210884353741497
      },
      "ev": {
        "1": 0.9691820503712987,
        "X": 1.03670745570581,
        "2": 1.0175900895573886
      },
      "odds": {
        "1": 2.12,
        "X": 3.45,
        "2": 3.65
      },
      "folk": {
        "1": 0.47,
        "X": 0.27,
        "2": 0.26
      },
      "reasoning": "Full system recommended - no clear favorite"
    }
  ],
  "rules_applied": [],
  "risk_level": "high",
  "spf_count": 3,
  "contrarian_plays": [
    "M1:X2",
    "M13:2"
  ],