{
  "game": "europatipset",
  "draw_number": 2564,
  "strategy": "balans",
  "rows": 216,
  "median_ev": 1.1847745,
  "odds_min": 244925,
  "odds_max": 1601802,
  "spikes": [
    {
      "index": 4,
      "home": "Barcelona",
      "away": "Atlético Madrid",
      "decision": "SPIK 1",
      "system_pct": {
        "1": 0.9814814814814815,
        "X": 0.0,
        "2": 0.018518518518518517
      },
      "ev": {
        "1": 0.7961931750921931,
        "X": 1.392883088882714,
        "2": 2.2995711373063674
      },
      "odds": {
        "1": 1.57,
        "X": 5.0,
        "2": 5.3
      },
      "folk": {
        "1": 0.78,
        "X": 0.14,
        "2": 0.08
      },
      "reasoning": "Half-system suitable, favor 2"
    },
    {
      "index": 9,
      "home": "Ayr United",
      "away": "Dunfermline",
      "decision": "SPIK 1",
      "system_pct": {
        "1": 0.9768518518518519,
        "X": 0.023148148148148147,
        "2": 0.0
      },
      "ev": {
        "1": 1.183157406333372,
        "X": 1.0423053341508277,
        "2": 0.7725321888412018
      },
      "odds": {
        "1": 2.1,
        "X": 3.15,
        "2": 3.4
      },
      "folk": {
        "1": 0.37,
        "X": 0.28,
        "2": 0.35
      },
      "reasoning": "Strong spike candidate on 1 (EV: 1.18)"
    },
    {
      "index": 10,
      "home": "Montrose",
      "away": "Cove Rangers",
      "decision": "SPIK 2",
      "system_pct": {
        "1": 0.0,
        "X": 0.0,
        "2": 1.0
      },
      "ev": {
        "1": 0.5957297689669846,
        "X": 1.5645636492939146,
        "2": 2.3069331359486798
      },
      "odds": {
        "1": 2.2,
        "X": 3.4,
        "2": 2.8
      },
      "folk": {
        "1": 0.69,
        "X": 0.17,
        "2": 0.14
      },
      "reasoning": "Half-system suitable, favor 2"
    }
  ],
  "heavy": [
    {
      "index": 1,
      "home": "Real Madrid",
      "away": "Bayern München",
      "decision": "HALV 12",
      "system_pct": {
        "1": 0.12962962962962962,
        "X": 0.0,
        "2": 0.8703703703703703
      },
      "ev": {
        "1": 0.9992115260554799,
        "X": 0.8845775027410752,
        "2": 1.082736947738136
      },
      "odds": {
        "1": 2.8,
        "X": 4.1,
        "2": 2.38
      },
      "folk": {
        "1": 0.35,
        "X": 0.27,
        "2": 0.38
      },
      "reasoning": "Half-system suitable, favor 2"
    },
    {
      "index": 12,
      "home": "Deportivo La Guaira",
      "away": "Fluminense",
      "decision": "HALV 1X",
      "system_pct": {
        "1": 0.09722222222222222,
        "X": 0.9027777777777778,
        "2": 0.0
      },
      "ev": {
        "1": 1.385176184690158,
        "X": 1.3506427064014837,
        "2": 0.844297864954001
      },
      "odds": {
        "1": 6.4,
        "X": 3.8,
        "2": 1.65
      },
      "folk": {
        "1": 0.11,
        "X": 0.19,
        "2": 0.7
      },
      "reasoning": "Half-system suitable, favor 1"
    }
  ],
  "open_matches": [
    {
      "index": 2,
      "home": "Sporting Lissabon",
      "away": "Arsenal",
      "decision": "SPIK X",
      "system_pct": {
        "1": 0.41203703703703703,
        "X": 0.5879629629629629,
        "2": 0.0
      },
      "ev": {
        "1": 1.2192370097889975,
        "X": 1.097038705879965,
        "2": 0.8973566422452183
      },
      "odds": {
        "1": 4.7,
        "X": 3.7,
        "2": 1.84
      },
      "folk": {
        "1": 0.17,
        "X": 0.24,
        "2": 0.59
      },
      "reasoning": "Half-system suitable, favor 1"
    },
    {
      "index": 3,
      "home": "Paris Saint-Germain",
      "away": "Liverpool",
      "decision": "HALV X2",
      "system_pct": {
        "1": 0.0,
        "X": 0.7129629629629629,
        "2": 0.28703703703703703
      },
      "ev": {
        "1": 0.8363903527838578,
        "X": 1.3656356768563325,
        "2": 1.2966274910577413
      },
      "odds": {
        "1": 1.74,
        "X": 4.2,
        "2": 4.7
      },
      "folk": {
        "1": 0.67,
        "X": 0.17,
        "2": 0.16
      },
      "reasoning": "Half-system suitable, favor X"
    },
    {
      "index": 5,
      "home": "Braga",
      "away": "Real Betis",
      "decision": "SPIK 2",
      "system_pct": {
        "1": 0.4398148148148148,
        "X": 0.023148148148148147,
        "2": 0.5370370370370371
      },
      "ev": {
        "1": 0.8056694814437985,
        "X": 0.9385642163222988,
        "2": 1.4714657890258263
      },
      "odds": {
        "1": 2.63,
        "X": 3.35,
        "2": 2.88
      },
      "folk": {
        "1": 0.46,
        "X": 0.31,
        "2": 0.23
      },
      "reasoning": "Half-system suitable, favor 2"
    },
    {
      "index": 6,
      "home": "Wrexham",
      "away": "Southampton",
      "decision": "SPIK 1",
      "system_pct": {
        "1": 0.4861111111111111,
        "X": 0.1712962962962963,
        "2": 0.3425925925925926
      },
      "ev": {
        "1": 1.0786972889014905,
        "X": 1.211240434040615,
        "2": 0.8305558973481061
      },
      "odds": {
        "1": 2.7,
        "X": 3.45,
        "2": 2.63
      },
      "folk": {
        "1": 0.33,
        "X": 0.23,
        "2": 0.44
      },
      "reasoning": "Strong spike candidate on X (EV: 1.21)"
    },
    {
      "index": 7,
      "home": "Port Vale",
      "away": "Rotherham",
      "decision": "HALV X2",
      "system_pct": {
        "1": 0.0,
        "X": 0.4537037037037037,
        "2": 0.5462962962962963
      },
      "ev": {
        "1": 0.8346627596840052,
        "X": 1.1577414525093834,
        "2": 1.1262750600621096
      },
      "odds": {
        "1": 2.45,
        "X": 3.25,
        "2": 2.88
      },
      "folk": {
        "1": 0.46,
        "X": 0.25,
        "2": 0.29
      },
      "reasoning": "Half-system suitable, favor X"
    },
    {
      "index": 8,
      "home": "Bromley",
      "away": "Shrewsbury",
      "decision": "SPIK 1",
      "system_pct": {
        "1": 0.5277777777777778,
        "X": 0.3055555555555556,
        "2": 0.16666666666666666
      },
      "ev": {
        "1": 0.6916619742148417,
        "X": 1.9285163281049114,
        "2": 2.6227822062226798
      },
      "odds": {
        "1": 1.68,
        "X": 3.4,
        "2": 5.0
      },
      "folk": {
        "1": 0.79,
        "X": 0.14,
        "2": 0.07
      },
      "reasoning": "Half-system suitable, favor 2"
    },
    {
      "index": 11,
      "home": "Always Ready",
      "away": "LDU Quito",
      "decision": "SPIK 1",
      "system_pct": {
        "1": 0.6435185185185185,
        "X": 0.046296296296296294,
        "2": 0.3101851851851852
      },
      "ev": {
        "1": 0.7648246884187504,
        "X": 1.1410430298698047,
        "2": 1.527366318066101
      },
      "odds": {
        "1": 2.23,
        "X": 3.55,
        "2": 3.35
      },
      "folk": {
        "1": 0.57,
        "X": 0.24,
        "2": 0.19
      },
      "reasoning": "Half-system suitable, favor 2"
    },
    {
      "index": 13,
      "home": "Universidad Católica",
      "away": "Boca Juniors",
      "decision": "SPIK 1",
      "system_pct": {
        "1": 0.5740740740740741,
        "X": 0.027777777777777776,
        "2": 0.39814814814814814
      },
      "ev": {
        "1": 1.762313601446001,
        "X": 0.9708030261067302,
        "2": 0.8050074475740993
      },
      "odds": {
        "1": 3.7,
        "X": 3.25,
        "2": 2.25
      },
      "folk": {
        "1": 0.15,
        "X": 0.31,
        "2": 0.54
      },
      "reasoning": "Half-system suitable, favor 1"
    }
  ],
  "rules_applied": [],
  "risk_level": "high",
  "spf_count": 3,
  "contrarian_plays": [
    "M10:2",
    "M1:12",
    "M12:1X"
  ],