{
  "game": "topptipset",
  "draw_number": 4061,
  "strategy": "balans",
  "rows": 175,
  "median_ev": 1.075649,
  "odds_min": 321,
  "odds_max": 10695,
  "spikes": [],
  "heavy": [
    {
      "index": 8,
      "home": "Melbourne City",
      "away": "Central Coast",
      "decision": "SPIK 1",
      "system_pct": {
        "1": 0.8857142857142857,
        "X": 0.11428571428571428,
        "2": 0.0
      },
      "ev": {
        "1": 1.1497189575881452,
        "X": 0.8616504854368932,
        "2": 0.7256004087889627
      },
      "odds": {
        "1": 1.42,
        "X": 4.5,
        "2": 6.75
      },
      "folk": {
        "1": 0.57,
        "X": 0.24,
        "2": 0.19
      },
      "reasoning": "Half-system suitable, favor 1"
    }
  ],
  "open_matches": [
    {
      "index": 1,
      "home": "Argentinos Juniors",
      "away": "Banfield",
      "decision": "SPIK 1",
      "system_pct": {
        "1": 0.52,
        "X": 0.3942857142857143,
        "2": 0.08571428571428572
      },
      "ev": {
        "1": 0.8796926102678978,
        "X": 1.592683470890029,
        "2": 0.975112329116344
      },
      "odds": {
        "1": 1.53,
        "X": 4.0,
        "2": 7.0
      },
      "folk": {
        "1": 0.71,
        "X": 0.15,
        "2": 0.14
      },
      "reasoning": "Half-system suitable, favor X"
    },
    {
      "index": 2,
      "home": "Instituto de Cordoba",
      "away": "Defensa Y Justicia",
      "decision": "SPIK 1",
      "system_pct": {
        "1": 0.6171428571428571,
        "X": 0.10857142857142857,
        "2": 0.2742857142857143
      },
      "ev": {
        "1": 1.400147383935151,
        "X": 0.7682860004156983,
        "2": 0.8700734378573425
      },
      "odds": {
        "1": 2.14,
        "X": 3.2,
        "2": 3.8
      },
      "folk": {
        "1": 0.32,
        "X": 0.39,
        "2": 0.29
      },
      "reasoning": "Strong spike candidate on 1 (EV: 1.40)"
    },
    {
      "index": 3,
      "home": "Atlético Nacional",
      "away": "Jaguares de Cordoba",
      "decision": "SPIK X",
      "system_pct": {
        "1": 0.4228571428571429,
        "X": 0.46285714285714286,
        "2": 0.11428571428571428
      },
      "ev": {
        "1": 0.9226995444230148,
        "X": 1.600607688342693,
        "2": 1.2484739969073002
      },
      "odds": {
        "1": 1.18,
        "X": 6.5,
        "2": 15.0
      },
      "folk": {
        "1": 0.86,
        "X": 0.09,
        "2": 0.05
      },
      "reasoning": "Half-system suitable, favor X"
    },
    {
      "index": 4,
      "home": "Sportivo Trinidense",
      "away": "Rubio Nu",
      "decision": "SPIK X",
      "system_pct": {
        "1": 0.3485714285714286,
        "X": 0.4228571428571429,
        "2": 0.22857142857142856
      },
      "ev": {
        "1": 1.030697759154673,
        "X": 0.7577205693438158,
        "2": 1.4763644936932687
      },
      "odds": {
        "1": 2.02,
        "X": 3.1,
        "2": 3.65
      },
      "folk": {
        "1": 0.44,
        "X": 0.39,
        "2": 0.17
      },
      "reasoning": "Strong spike candidate on 2 (EV: 1.48)"
    },
    {
      "index": 5,
      "home": "Huachipato",
      "away": "Universidad de Concepcion",
      "decision": "SPIK X",
      "system_pct": {
        "1": 0.3485714285714286,
        "X": 0.4057142857142857,
        "2": 0.24571428571428572
      },
      "ev": {
        "1": 1.063861939734639,
        "X": 0.7304506619709125,
        "2": 1.3630731102850062
      },
      "odds": {
        "1": 2.1,
        "X": 3.3,
        "2": 3.2
      },
      "folk": {
        "1": 0.41,
        "X": 0.38,
        "2": 0.21
      },
      "reasoning": "Strong spike candidate on 2 (EV: 1.36)"
    },
    {
      "index": 6,
      "home": "Libertad Loja",
      "away": "Mushuc Runa SC",
      "decision": "SPIK 2",
      "system_pct": {
        "1": 0.2571428571428571,
        "X": 0.2742857142857143,
        "2": 0.4685714285714286
      },
      "ev": {
        "1": 0.7554023652762585,
        "X": 1.0798379965167029,
        "2": 1.5987937894932371
      },
      "odds": {
        "1": 2.23,
        "X": 3.3,
        "2": 3.05
      },
      "folk": {
        "1": 0.55,
        "X": 0.26,
        "2": 0.19
      },
      "reasoning": "Half-system suitable, favor 2"
    },
    {
      "index": 7,
      "home": "Municipal Liberia",
      "away": "AD San Carlos",
      "decision": "SPIK 1",
      "system_pct": {
        "1": 0.4514285714285714,
        "X": 0.36,
        "2": 0.18857142857142858
      },
      "ev": {
        "1": 0.9527580489494916,
        "X": 0.9227317346795683,
        "2": 1.248809866483626
      },
      "odds": {
        "1": 1.88,
        "X": 3.3,
        "2": 3.85
      },
      "folk": {
        "1": 0.51,
        "X": 0.3,
        "2": 0.19
      },
      "reasoning": "Half-system suitable, favor 2"
    }
  ],
  "rules_applied": [],
  "risk_level": "high",
  "spf_count": 0,
  "contrarian_plays": [],
  "ram_ascii": "M01 1:0.52 X:0.39 2:0.09\nM02 1:0.62 X:0.11 2:0.27\nM03 1:0.42 X:0.46 2:0.11\nM04 1:0.35 X:0.42 2:0.23\nM05 1:0.35 X:0.41 2:0.25\nM06 1:0.26 X:0.27 2:0.47\nM07 1:0.45 X:0.36 2:0.19\nM08 1:0.89 X:0.11 2:0.00",
  "selective_betting": {
    "verdict": "PLAY",
    "recommendation": "PLAY",
    "reason": "EV=1.152 (>1.05), SPF=1 (≤3)",
    "metrics": {
      "avg_ev": 1.1516,
      "n_spf": 1,
      "n_heavy_fav": 3,
      "n_open_match": 4,
      "ev_divergence": 0.0934,
      "elo_edge": 0.0,
      "elo_enabled": false,
      "scenario": "aggressive"
    },
    "strategy": "aggressive"
  },
  "timestamp": "2026-04-06T13:40:41+00:00",
  "xg_model_rows": null,
  "oracle_prioritization_rows": null,
  "match_context": null,
  "verdicts_extended": null,
  "scenario_plan": null,
  "coach_assessment": null,
  "combinatorics": null,
  "provenance": null
}